Workbook

Sheet Order Lines
A1: Order ID | B1: Order Category | C1: Date | D1: Item Name | E1: Item Type | F1: Unit Price | G1: Quantity | H1: Line Total | I1: Location | J1: Availability
A2: ORD-001 | B2: {=IFERROR(INDEX(Orders!$B$2:$B$4,MATCH(A2,Orders!$A$2:$A$4,0)),"")} -> General | C2: 46277 | D2: Luxury Watch | E2: Jewelry | F2: 471 | G2: 2 | H2: =F2*G2 -> 942 | I2: Hawick | J2: Limited
A3: ORD-001 | B3: {=IFERROR(INDEX(Orders!$B$2:$B$4,MATCH(A3,Orders!$A$2:$A$4,0)),"")} -> General | C3: 46277 | D3: Gold Chain | E3: Jewelry | F3: 280 | G3: 6 | H3: =F3*G3 -> 1680 | I3: Hawick | J3: Limited
A4: ORD-002 | B4: Electronics | C4: 46277 | D4: Vintage Camera | E4: Electronics | F4: 246 | G4: 1 | H4: =F4*G4 -> 246 | I4: Hawick | J4: Limited
A5: ORD-002 | B5: Electronics | C5: 46277 | D5: Computer Monitor | E5: Electronics | F5: 151 | G5: 3 | H5: =F5*G5 -> 453 | I5: Hawick | J5: Limited
A6: ORD-002 | B6: Electronics | C6: 46277 | D6: Laptop | E6: Electronics | F6: 264 | G6: 4 | H6: =F6*G6 -> 1056 | I6: Hawick | J6: Limited
A7: ORD-002 | B7: Electronics | C7: 46277 | D7: Tape Player | E7: Electronics | F7: 100 | G7: 2 | H7: =F7*G7 -> 200 | I7: Hawick | J7: Limited
A8: ORD-002 | B8: Electronics | C8: 46277 | D8: Television | E8: Electronics | F8: 494 | G8: 3 | H8: =F8*G8 -> 1482 | I8: Hawick | J8: Limited
A9: ORD-002 | B9: Electronics | C9: 46277 | D9: Old Smartphone | E9: Electronics | F9: 209 | G9: 6 | H9: =F9*G9 -> 1254 | I9: Hawick | J9: Limited
A10: ORD-003 | B10: {=IFERROR(INDEX(Orders!$B$2:$B$4,MATCH(A10,Orders!$A$2:$A$4,0)),"")} -> Hunting | E10: Jewelry | H10: =F10*G10 -> 0
B11: {=IFERROR(INDEX(Orders!$B$2:$B$4,MATCH(A11,Orders!$A$2:$A$4,0)),"")} | E11: Jewelry | H11: =F11*G11 -> 0
B12: {=IFERROR(INDEX(Orders!$B$2:$B$4,MATCH(A12,Orders!$A$2:$A$4,0)),"")} | E12: Jewelry | H12: =F12*G12 -> 0

Sheet Orders
A1: Order ID | B1: Category | C1: Date | D1: # of Line Items | E1: Total Price | G1: Legend: yellow cells = edit these (Order ID, Category). Category has a dropdown: General, Vehicle, Hunting, All. Date, line count, and Total Price calculate automatically from Order Lines. Filter/sort by Category, Date, or Total Price using the arrows.
A2: ORD-001 | B2: General | C2: =MINIFS('Order Lines'!$C$2:$C$12,'Order Lines'!$A$2:$A$12,A2) -> 46277 | D2: =COUNTIF('Order Lines'!$A$2:$A$12,A2) -> 2 | E2: =SUMIF('Order Lines'!$A$2:$A$12,A2,'Order Lines'!$H$2:$H$12) -> 2622
A3: ORD-002 | B3: General | C3: =MINIFS('Order Lines'!$C$2:$C$12,'Order Lines'!$A$2:$A$12,A3) -> 46277 | D3: =COUNTIF('Order Lines'!$A$2:$A$12,A3) -> 6 | E3: =SUMIF('Order Lines'!$A$2:$A$12,A3,'Order Lines'!$H$2:$H$12) -> 4691
A4: ORD-003 | B4: Hunting | C4: =MINIFS('Order Lines'!$C$2:$C$12,'Order Lines'!$A$2:$A$12,A4) -> 0 | D4: =COUNTIF('Order Lines'!$A$2:$A$12,A4) -> 1 | E4: =SUMIF('Order Lines'!$A$2:$A$12,A4,'Order Lines'!$H$2:$H$12) -> 0
D6: Grand Total: | E6: =SUM(E2:E4) -> 7313
